{
    "info": {
        "background_color": "00000066",
        "is_joystick": false,
        "response_cursor_point_icon": false,
        "transparent_ESC": false,
        "transparent_keyboard": true,
        "transparent_mouse": "Mouse_No_Transparent",
        "transparent_mouse_windows_raw_move_period": 0,
        "transparent_mouse_windows_raw_move_sensitivity": 1,
        "transparent_wheel": false,
        "visibility": true
    },
    "keymaps": [
        {
            "editor_icon_scale": 1,
            "icon": {
                "background_color": "00000066",
                "description": "",
                "radius_correction": 1,
                "rel_position": {
                    "rel_x": 0.9509120313589686,
                    "rel_y": 0.1377355623100304
                },
                "visibility": true
            },
            "key": {
                "device": "keyboard",
                "scan_code": 47,
                "text": "V",
                "virtual_key": 86
            },
            "press_actions": [
                "start_loop:until_release",
                "keyboard_press:158",
                "sleep:33",
                "keyboard_release:158",
                "stop_loop"
            ],
            "rel_work_position": {
                "rel_x": 0.9509120313589686,
                "rel_y": 0.1377355623100304
            },
            "release_actions": [

            ],
            "type": "Macro"
        },
        {
            "editor_icon_scale": 1,
            "icon": {
                "background_color": "00000066",
                "description": "",
                "radius_correction": 1,
                "rel_position": {
                    "rel_x": 0.8515704183559167,
                    "rel_y": 0.8323966040599504
                },
                "visibility": true
            },
            "key": {
                "device": "keyboard",
                "scan_code": 18,
                "text": "E",
                "virtual_key": 69
            },
            "press_actions": [
                "start_loop:until_release",
                "curve_first_point_sleep_time:1",
                "curve_last_point_sleep_time:until_release_cmd",
                "curve_rel:(0.852660,0.830303);(0.849250,0.831515);mouse",
                "curve_release",
                "stop_loop"
            ],
            "rel_work_position": {
                "rel_x": 0.8515704183559167,
                "rel_y": 0.8323966040599504
            },
            "release_actions": [

            ],
            "type": "Macro"
        },
        {
            "editor_icon_scale": 1,
            "icon": {
                "background_color": "00000066",
                "description": "",
                "radius_correction": 1,
                "rel_position": {
                    "rel_x": 0.7684839432412249,
                    "rel_y": 0.8300132802124834
                },
                "visibility": true
            },
            "key": {
                "device": "keyboard",
                "scan_code": 17,
                "text": "W",
                "virtual_key": 87
            },
            "press_actions": [
                "start_loop:until_release",
                "curve_first_point_sleep_time:1",
                "curve_last_point_sleep_time:until_release_cmd",
                "curve_rel:(0.765348,0.889697);(0.772169,0.864242);mouse",
                "curve_release",
                "stop_loop"
            ],
            "rel_work_position": {
                "rel_x": 0.7684839432412249,
                "rel_y": 0.8300132802124834
            },
            "release_actions": [

            ],
            "type": "Macro"
        },
        {
            "editor_icon_scale": 1,
            "icon": {
                "background_color": "00000066",
                "description": "",
                "radius_correction": 1,
                "rel_position": {
                    "rel_x": 0.9520857184742547,
                    "rel_y": 0.8654878618113906
                },
                "visibility": true
            },
            "key": {
                "device": "keyboard",
                "scan_code": 15,
                "text": "Tab",
                "virtual_key": 9
            },
            "rel_work_position": {
                "rel_x": 0.9520857184742547,
                "rel_y": 0.8654878618113906
            },
            "type": "Click"
        },
        {
            "editor_icon_scale": 1,
            "icon": {
                "background_color": "00000066",
                "description": "",
                "radius_correction": 1,
                "rel_position": {
                    "rel_x": 0.9475079931307945,
                    "rel_y": 0.9373919780678233
                },
                "visibility": true
            },
            "key": {
                "device": "keyboard",
                "scan_code": 57,
                "text": "Space",
                "virtual_key": 32
            },
            "rel_work_position": {
                "rel_x": 0.9475079931307945,
                "rel_y": 0.9373919780678233
            },
            "type": "Click"
        },
        {
            "editor_icon_scale": 1,
            "icon": {
                "background_color": "00000066",
                "description": "",
                "radius_correction": 1,
                "rel_position": {
                    "rel_x": 0.8498845533620016,
                    "rel_y": 0.8741569322764573
                },
                "visibility": true
            },
            "key": {
                "device": "keyboard",
                "scan_code": 4,
                "text": "3",
                "virtual_key": 51
            },
            "rel_work_position": {
                "rel_x": 0.8498845533620016,
                "rel_y": 0.8741569322764573
            },
            "type": "Click"
        },
        {
            "editor_icon_scale": 1,
            "icon": {
                "background_color": "00000066",
                "description": "",
                "radius_correction": 1,
                "rel_position": {
                    "rel_x": 0.6877325440106725,
                    "rel_y": 0.8729326868149354
                },
                "visibility": true
            },
            "key": {
                "device": "keyboard",
                "scan_code": 2,
                "text": "1",
                "virtual_key": 49
            },
            "rel_work_position": {
                "rel_x": 0.6877325440106725,
                "rel_y": 0.8729326868149354
            },
            "type": "Click"
        },
        {
            "editor_icon_scale": 1,
            "icon": {
                "background_color": "00000066",
                "description": "",
                "radius_correction": 1,
                "rel_position": {
                    "rel_x": 0.7659546624227495,
                    "rel_y": 0.8731472909795953
                },
                "visibility": true
            },
            "key": {
                "device": "keyboard",
                "scan_code": 3,
                "text": "2",
                "virtual_key": 50
            },
            "rel_work_position": {
                "rel_x": 0.7659546624227495,
                "rel_y": 0.8731472909795953
            },
            "type": "Click"
        },
        {
            "editor_icon_scale": 1,
            "icon": {
                "background_color": "00000066",
                "description": "",
                "radius_correction": 1,
                "rel_position": {
                    "rel_x": 0.6911830357142856,
                    "rel_y": 0.8307539682539676
                },
                "visibility": true
            },
            "key": {
                "device": "keyboard",
                "scan_code": 16,
                "text": "Q",
                "virtual_key": 81
            },
            "press_actions": [
                "start_loop:until_release",
                "curve_first_point_sleep_time:1",
                "curve_last_point_sleep_time:until_release_cmd",
                "curve_rel:(0.707554,0.904255);(0.712042,0.872340);mouse",
                "curve_release",
                "stop_loop"
            ],
            "rel_work_position": {
                "rel_x": 0.6911830357142856,
                "rel_y": 0.8307539682539676
            },
            "release_actions": [

            ],
            "type": "Macro"
        },
        {
            "editor_icon_scale": 1,
            "icon": {
                "background_color": "00000066",
                "description": "",
                "radius_correction": 1,
                "rel_position": {
                    "rel_x": 0.45346579218106997,
                    "rel_y": 0.7148554850604631
                },
                "visibility": true
            },
            "key": {
                "device": "keyboard",
                "scan_code": 19,
                "text": "R",
                "virtual_key": 82
            },
            "press_actions": [
                "sleep:100",
                "click_rel:(0.435391,0.701318)",
                "sleep:100",
                "start_loop:10",
                "sleep:50",
                "click_rel:(0.510288,0.648609)",
                "stop_loop"
            ],
            "rel_work_position": {
                "rel_x": 0.45346579218106997,
                "rel_y": 0.7148554850604631
            },
            "release_actions": [

            ],
            "type": "Macro"
        }
    ],
    "param": {
        "transparent_joystick_policy": {
            "protocol_version": 0
        },
        "transparent_wheel_policy": {
            "protocol_version": 0,
            "sensitivity": 1
        },
        "virtual_joystick": {
            "enable": false
        },
        "wheel_policy": {
            "small_point_move_first": false,
            "wheel_step_distance": 0.01,
            "zoom_degree": 45,
            "zoom_first_interval": 16,
            "zoom_last_idle": 0,
            "zoom_margin": 20,
            "zoom_operation_shortcut_mode": false,
            "zoom_period": 16,
            "zoom_step_distance": 0.00625,
            "zoom_steps": 8
        }
    }
}