{
    "info": {
        "background_color": "00000066",
        "is_joystick": false,
        "response_cursor_point_icon": false,
        "transparent_ESC": false,
        "transparent_keyboard": true,
        "transparent_mouse": "Mouse_No_Transparent",
        "transparent_mouse_windows_raw_move_period": 0,
        "transparent_mouse_windows_raw_move_sensitivity": 1,
        "transparent_wheel": false,
        "visibility": true
    },
    "keymaps": [
        {
            "editor_icon_scale": 1,
            "icon": {
                "background_color": "00000066",
                "description": "",
                "radius_correction": 1,
                "rel_position": {
                    "rel_x": 0.9509120313589686,
                    "rel_y": 0.1377355623100304
                },
                "visibility": true
            },
            "key": {
                "device": "keyboard",
                "scan_code": 47,
                "text": "V",
                "virtual_key": 86
            },
            "press_actions": [
                "start_loop:until_release",
                "keyboard_press:158",
                "sleep:33",
                "keyboard_release:158",
                "stop_loop"
            ],
            "rel_work_position": {
                "rel_x": 0.9509120313589686,
                "rel_y": 0.1377355623100304
            },
            "release_actions": [

            ],
            "type": "Macro"
        },
        {
            "editor_icon_scale": 1,
            "icon": {
                "background_color": "00000066",
                "description": "",
                "radius_correction": 1,
                "rel_position": {
                    "rel_x": 0.8755102268374491,
                    "rel_y": 0.8020014672818349
                },
                "visibility": true
            },
            "key": {
                "device": "keyboard",
                "scan_code": 18,
                "text": "E",
                "virtual_key": 69
            },
            "press_actions": [
                "start_loop:until_release",
                "curve_first_point_sleep_time:1",
                "curve_last_point_sleep_time:until_release_cmd",
                "curve_rel:(0.872777,0.882979);(0.878249,0.822188);mouse",
                "curve_release",
                "stop_loop"
            ],
            "rel_work_position": {
                "rel_x": 0.8755102268374491,
                "rel_y": 0.8020014672818349
            },
            "release_actions": [

            ],
            "type": "Macro"
        },
        {
            "editor_icon_scale": 1,
            "icon": {
                "background_color": "00000066",
                "description": "",
                "radius_correction": 1,
                "rel_position": {
                    "rel_x": 0.8006316860592823,
                    "rel_y": 0.8087366844678023
                },
                "visibility": true
            },
            "key": {
                "device": "keyboard",
                "scan_code": 17,
                "text": "W",
                "virtual_key": 87
            },
            "press_actions": [
                "start_loop:until_release",
                "curve_first_point_sleep_time:1",
                "curve_last_point_sleep_time:until_release_cmd",
                "curve_rel:(0.805062,0.873860);(0.805062,0.820669);mouse",
                "curve_release",
                "stop_loop"
            ],
            "rel_work_position": {
                "rel_x": 0.8006316860592823,
                "rel_y": 0.8087366844678023
            },
            "release_actions": [

            ],
            "type": "Macro"
        },
        {
            "editor_icon_scale": 1,
            "icon": {
                "background_color": "00000066",
                "description": "",
                "radius_correction": 1,
                "rel_position": {
                    "rel_x": 0.9568736801705613,
                    "rel_y": 0.8472507797445212
                },
                "visibility": true
            },
            "key": {
                "device": "keyboard",
                "scan_code": 15,
                "text": "Tab",
                "virtual_key": 9
            },
            "rel_work_position": {
                "rel_x": 0.9568736801705613,
                "rel_y": 0.8472507797445212
            },
            "type": "Click"
        },
        {
            "editor_icon_scale": 1,
            "icon": {
                "background_color": "00000066",
                "description": "",
                "radius_correction": 1,
                "rel_position": {
                    "rel_x": 0.9550319329392761,
                    "rel_y": 0.9297931938732943
                },
                "visibility": true
            },
            "key": {
                "device": "keyboard",
                "scan_code": 57,
                "text": "Space",
                "virtual_key": 32
            },
            "rel_work_position": {
                "rel_x": 0.9550319329392761,
                "rel_y": 0.9297931938732943
            },
            "type": "Click"
        },
        {
            "editor_icon_scale": 1,
            "icon": {
                "background_color": "00000066",
                "description": "",
                "radius_correction": 1,
                "rel_position": {
                    "rel_x": 0.87314036731549,
                    "rel_y": 0.8695976617597398
                },
                "visibility": true
            },
            "key": {
                "device": "keyboard",
                "scan_code": 4,
                "text": "3",
                "virtual_key": 51
            },
            "rel_work_position": {
                "rel_x": 0.87314036731549,
                "rel_y": 0.8695976617597398
            },
            "type": "Click"
        },
        {
            "editor_icon_scale": 1,
            "icon": {
                "background_color": "00000066",
                "description": "",
                "radius_correction": 1,
                "rel_position": {
                    "rel_x": 0.7280882211652554,
                    "rel_y": 0.8698931731371238
                },
                "visibility": true
            },
            "key": {
                "device": "keyboard",
                "scan_code": 2,
                "text": "1",
                "virtual_key": 49
            },
            "rel_work_position": {
                "rel_x": 0.7280882211652554,
                "rel_y": 0.8698931731371238
            },
            "type": "Click"
        },
        {
            "editor_icon_scale": 1,
            "icon": {
                "background_color": "00000066",
                "description": "",
                "radius_correction": 1,
                "rel_position": {
                    "rel_x": 0.8028903669371136,
                    "rel_y": 0.8716275341406893
                },
                "visibility": true
            },
            "key": {
                "device": "keyboard",
                "scan_code": 3,
                "text": "2",
                "virtual_key": 50
            },
            "rel_work_position": {
                "rel_x": 0.8028903669371136,
                "rel_y": 0.8716275341406893
            },
            "type": "Click"
        },
        {
            "editor_icon_scale": 1,
            "icon": {
                "background_color": "00000066",
                "description": "",
                "radius_correction": 1,
                "rel_position": {
                    "rel_x": 0.726750751172562,
                    "rel_y": 0.8049181019925695
                },
                "visibility": true
            },
            "key": {
                "device": "keyboard",
                "scan_code": 16,
                "text": "Q",
                "virtual_key": 81
            },
            "press_actions": [
                "start_loop:until_release",
                "curve_first_point_sleep_time:1",
                "curve_last_point_sleep_time:until_release_cmd",
                "curve_rel:(0.725034,0.898176);(0.709302,0.855623);mouse",
                "curve_release",
                "stop_loop"
            ],
            "rel_work_position": {
                "rel_x": 0.726750751172562,
                "rel_y": 0.8049181019925695
            },
            "release_actions": [

            ],
            "type": "Macro"
        },
        {
            "editor_icon_scale": 1,
            "icon": {
                "background_color": "00000066",
                "description": "",
                "radius_correction": 1,
                "rel_position": {
                    "rel_x": 0.4514138085969385,
                    "rel_y": 0.7148554850604633
                },
                "visibility": true
            },
            "key": {
                "device": "keyboard",
                "scan_code": 19,
                "text": "R",
                "virtual_key": 82
            },
            "press_actions": [
                "sleep:100",
                "click_rel:(0.441176,0.734043)",
                "sleep:100",
                "start_loop:10",
                "sleep:50",
                "click_rel:(0.517100,0.677812)",
                "stop_loop"
            ],
            "rel_work_position": {
                "rel_x": 0.4514138085969385,
                "rel_y": 0.7148554850604633
            },
            "release_actions": [

            ],
            "type": "Macro"
        }
    ],
    "param": {
        "transparent_joystick_policy": {
            "protocol_version": 0
        },
        "transparent_wheel_policy": {
            "protocol_version": 0,
            "sensitivity": 1
        },
        "virtual_joystick": {
            "enable": false
        },
        "wheel_policy": {
            "small_point_move_first": false,
            "wheel_step_distance": 0.01,
            "zoom_degree": 45,
            "zoom_first_interval": 16,
            "zoom_last_idle": 0,
            "zoom_margin": 20,
            "zoom_operation_shortcut_mode": false,
            "zoom_period": 16,
            "zoom_step_distance": 0.00625,
            "zoom_steps": 8
        }
    }
}