{
    "info": {
        "background_color": "00000066",
        "is_joystick": false,
        "response_cursor_point_icon": false,
        "transparent_ESC": false,
        "transparent_keyboard": true,
        "transparent_mouse": "Mouse_No_Transparent",
        "transparent_mouse_windows_raw_move_period": 0,
        "transparent_mouse_windows_raw_move_sensitivity": 1,
        "transparent_wheel": false,
        "visibility": true
    },
    "keymaps": [
        {
            "editor_icon_scale": 1,
            "icon": {
                "background_color": "00000066",
                "description": "",
                "radius_correction": 1,
                "rel_position": {
                    "rel_x": 0.4534657921810699,
                    "rel_y": 0.7148554850604629
                },
                "visibility": true
            },
            "key": {
                "device": "keyboard",
                "scan_code": 19,
                "text": "R",
                "virtual_key": 82
            },
            "press_actions": [
                "sleep:100",
                "click_rel:(0.441176,0.734043)",
                "sleep:100",
                "start_loop:10",
                "sleep:50",
                "click_rel:(0.517100,0.677812)",
                "stop_loop"
            ],
            "rel_work_position": {
                "rel_x": 0.4534657921810699,
                "rel_y": 0.7148554850604629
            },
            "release_actions": [

            ],
            "type": "Macro"
        },
        {
            "editor_icon_scale": 1,
            "icon": {
                "background_color": "00000066",
                "description": "",
                "radius_correction": 1,
                "rel_position": {
                    "rel_x": 0.6481810846479269,
                    "rel_y": 0.8383633801186984
                },
                "visibility": true
            },
            "key": {
                "device": "keyboard",
                "scan_code": 16,
                "text": "Q",
                "virtual_key": 81
            },
            "press_actions": [
                "start_loop:until_release",
                "curve_first_point_sleep_time:1",
                "curve_last_point_sleep_time:until_release_cmd",
                "curve_rel:(0.647059,0.911854);(0.653899,0.866261);mouse",
                "curve_release",
                "stop_loop"
            ],
            "rel_work_position": {
                "rel_x": 0.6481810846479269,
                "rel_y": 0.8383633801186984
            },
            "release_actions": [

            ],
            "type": "Macro"
        },
        {
            "editor_icon_scale": 1,
            "icon": {
                "background_color": "00000066",
                "description": "",
                "radius_correction": 1,
                "rel_position": {
                    "rel_x": 0.7084134545556912,
                    "rel_y": 0.8926632360274551
                },
                "visibility": true
            },
            "key": {
                "device": "keyboard",
                "scan_code": 3,
                "text": "2",
                "virtual_key": 50
            },
            "rel_work_position": {
                "rel_x": 0.7084134545556912,
                "rel_y": 0.8926632360274551
            },
            "type": "Click"
        },
        {
            "editor_icon_scale": 1,
            "icon": {
                "background_color": "00000066",
                "description": "",
                "radius_correction": 1,
                "rel_position": {
                    "rel_x": 0.65003300822991,
                    "rel_y": 0.883432824974648
                },
                "visibility": true
            },
            "key": {
                "device": "keyboard",
                "scan_code": 2,
                "text": "1",
                "virtual_key": 49
            },
            "rel_work_position": {
                "rel_x": 0.65003300822991,
                "rel_y": 0.883432824974648
            },
            "type": "Click"
        },
        {
            "editor_icon_scale": 1,
            "icon": {
                "background_color": "00000066",
                "description": "",
                "radius_correction": 1,
                "rel_position": {
                    "rel_x": 0.7735247498142004,
                    "rel_y": 0.8868853386218849
                },
                "visibility": true
            },
            "key": {
                "device": "keyboard",
                "scan_code": 4,
                "text": "3",
                "virtual_key": 51
            },
            "rel_work_position": {
                "rel_x": 0.7735247498142004,
                "rel_y": 0.8868853386218849
            },
            "type": "Click"
        },
        {
            "editor_icon_scale": 1,
            "icon": {
                "background_color": "00000066",
                "description": "",
                "radius_correction": 1,
                "rel_position": {
                    "rel_x": 0.9475079931307946,
                    "rel_y": 0.9373919780678234
                },
                "visibility": true
            },
            "key": {
                "device": "keyboard",
                "scan_code": 57,
                "text": "Space",
                "virtual_key": 32
            },
            "rel_work_position": {
                "rel_x": 0.9475079931307946,
                "rel_y": 0.9373919780678234
            },
            "type": "Click"
        },
        {
            "editor_icon_scale": 1,
            "icon": {
                "background_color": "00000066",
                "description": "",
                "radius_correction": 1,
                "rel_position": {
                    "rel_x": 0.9520857184742545,
                    "rel_y": 0.8654878618113908
                },
                "visibility": true
            },
            "key": {
                "device": "keyboard",
                "scan_code": 15,
                "text": "Tab",
                "virtual_key": 9
            },
            "rel_work_position": {
                "rel_x": 0.9520857184742545,
                "rel_y": 0.8654878618113908
            },
            "type": "Click"
        },
        {
            "editor_icon_scale": 1,
            "icon": {
                "background_color": "00000066",
                "description": "",
                "radius_correction": 1,
                "rel_position": {
                    "rel_x": 0.7104565386080027,
                    "rel_y": 0.8414734512471225
                },
                "visibility": true
            },
            "key": {
                "device": "keyboard",
                "scan_code": 17,
                "text": "W",
                "virtual_key": 87
            },
            "press_actions": [
                "start_loop:until_release",
                "curve_first_point_sleep_time:1",
                "curve_last_point_sleep_time:until_release_cmd",
                "curve_rel:(0.706566,0.914894);(0.707934,0.864742);mouse",
                "curve_release",
                "stop_loop"
            ],
            "rel_work_position": {
                "rel_x": 0.7104565386080027,
                "rel_y": 0.8414734512471225
            },
            "release_actions": [

            ],
            "type": "Macro"
        },
        {
            "editor_icon_scale": 1,
            "icon": {
                "background_color": "00000066",
                "description": "",
                "radius_correction": 1,
                "rel_position": {
                    "rel_x": 0.7732151448702356,
                    "rel_y": 0.8430455296024927
                },
                "visibility": true
            },
            "key": {
                "device": "keyboard",
                "scan_code": 18,
                "text": "E",
                "virtual_key": 69
            },
            "press_actions": [
                "start_loop:until_release",
                "curve_first_point_sleep_time:1",
                "curve_last_point_sleep_time:until_release_cmd",
                "curve_rel:(0.764706,0.916413);(0.769494,0.866261);mouse",
                "curve_release",
                "stop_loop"
            ],
            "rel_work_position": {
                "rel_x": 0.7732151448702356,
                "rel_y": 0.8430455296024927
            },
            "release_actions": [

            ],
            "type": "Macro"
        },
        {
            "editor_icon_scale": 1,
            "icon": {
                "background_color": "00000066",
                "description": "",
                "radius_correction": 1,
                "rel_position": {
                    "rel_x": 0.9509120313589686,
                    "rel_y": 0.13906534954407296
                },
                "visibility": true
            },
            "key": {
                "device": "keyboard",
                "scan_code": 47,
                "text": "V",
                "virtual_key": 86
            },
            "press_actions": [
                "start_loop:until_release",
                "keyboard_press:158",
                "sleep:33",
                "keyboard_release:158",
                "stop_loop"
            ],
            "rel_work_position": {
                "rel_x": 0.9509120313589686,
                "rel_y": 0.13906534954407296
            },
            "release_actions": [

            ],
            "type": "Macro"
        },
        {
            "editor_icon_scale": 1,
            "icon": {
                "background_color": "00000066",
                "description": "",
                "radius_correction": 1,
                "rel_position": {
                    "rel_x": 0.8855804094907934,
                    "rel_y": 0.8416137904648546
                },
                "visibility": true
            },
            "key": {
                "device": "keyboard",
                "scan_code": 21,
                "text": "Y",
                "virtual_key": 89
            },
            "press_actions": [
                "start_loop:until_release",
                "curve_first_point_sleep_time:1",
                "curve_last_point_sleep_time:until_release_cmd",
                "curve_rel:(0.878249,0.917933);(0.882353,0.846505);mouse",
                "curve_release",
                "stop_loop"
            ],
            "rel_work_position": {
                "rel_x": 0.8855804094907934,
                "rel_y": 0.8416137904648546
            },
            "release_actions": [

            ],
            "type": "Macro"
        },
        {
            "editor_icon_scale": 1,
            "icon": {
                "background_color": "00000066",
                "description": "",
                "radius_correction": 1,
                "rel_position": {
                    "rel_x": 0.8296436500639146,
                    "rel_y": 0.893036041972212
                },
                "visibility": true
            },
            "key": {
                "device": "keyboard",
                "scan_code": 5,
                "text": "4",
                "virtual_key": 52
            },
            "rel_work_position": {
                "rel_x": 0.8296436500639146,
                "rel_y": 0.893036041972212
            },
            "type": "Click"
        },
        {
            "editor_icon_scale": 1,
            "icon": {
                "background_color": "00000066",
                "description": "",
                "radius_correction": 1,
                "rel_position": {
                    "rel_x": 0.8841604808145141,
                    "rel_y": 0.8907050396412096
                },
                "visibility": true
            },
            "key": {
                "device": "keyboard",
                "scan_code": 6,
                "text": "5",
                "virtual_key": 53
            },
            "rel_work_position": {
                "rel_x": 0.8841604808145141,
                "rel_y": 0.8907050396412096
            },
            "type": "Click"
        },
        {
            "editor_icon_scale": 1,
            "icon": {
                "background_color": "00000066",
                "description": "",
                "radius_correction": 1,
                "rel_position": {
                    "rel_x": 0.827563409656657,
                    "rel_y": 0.8364862088266344
                },
                "visibility": true
            },
            "key": {
                "device": "keyboard",
                "scan_code": 20,
                "text": "T",
                "virtual_key": 84
            },
            "press_actions": [
                "start_loop:until_release",
                "curve_first_point_sleep_time:1",
                "curve_last_point_sleep_time:until_release_cmd",
                "curve_rel:(0.826265,0.908815);(0.824897,0.844985);mouse",
                "curve_release",
                "stop_loop"
            ],
            "rel_work_position": {
                "rel_x": 0.827563409656657,
                "rel_y": 0.8364862088266344
            },
            "release_actions": [

            ],
            "type": "Macro"
        }
    ],
    "param": {
        "transparent_joystick_policy": {
            "protocol_version": 0
        },
        "transparent_wheel_policy": {
            "protocol_version": 0,
            "sensitivity": 1
        },
        "virtual_joystick": {
            "enable": false
        },
        "wheel_policy": {
            "small_point_move_first": false,
            "wheel_step_distance": 0.01,
            "zoom_degree": 45,
            "zoom_first_interval": 16,
            "zoom_last_idle": 0,
            "zoom_margin": 20,
            "zoom_operation_shortcut_mode": false,
            "zoom_period": 16,
            "zoom_step_distance": 0.00625,
            "zoom_steps": 8
        }
    }
}